{
    "Theta": [
        [
            0.17923120011573845
        ],
        [
            0.42503208606583925
        ],
        [
            1.0873584357964206
        ],
        [
            -0.7704755191722921
        ],
        [
            -0.910016421124938
        ],
        [
            -0.053153173063944535
        ],
        [
            0.15002018196140637
        ],
        [
            -0.4019522685978418
        ],
        [
            -0.2558967654094126
        ],
        [
            -0.17182867418534487
        ],
        [
            -1.1816081171011827
        ],
        [
            -0.032042367444310396
        ],
        [
            -0.5486612844432024
        ],
        [
            -0.22855491300149483
        ],
        [
            -0.9587582894290383
        ],
        [
            -0.25237592980553536
        ],
        [
            -0.22030532617326704
        ],
        [
            -0.03316544448469836
        ],
        [
            -0.3054326770024396
        ],
        [
            -0.22401677902123845
        ],
        [
            -0.5805750362897433
        ],
        [
            -0.9941237238628019
        ],
        [
            0.03904523098443961
        ],
        [
            -0.2988826113581192
        ],
        [
            0.030488217631124893
        ],
        [
            -0.34735552910227707
        ],
        [
            -0.0927896894977546
        ],
        [
            -1.0055628358425097
        ]
    ],
    "Cost": 2.4230576158657433
}